postal_code,latitude,longitude
1000,50.84457585,4.3515499
1020,50.8862038,4.3508201
1030,50.8618456,4.3827541199999995
1040,50.8331242,4.388949
1050,50.8235717,4.3766927
1060,50.8301436,4.340916050000001
1070,50.8354183,4.3044370999999995
1080,50.8569755,4.3166514
1081,50.862645549999996,4.31649655
1082,50.865341,4.295748
1083,50.872632499999995,4.309632349999999
1090,50.8808582,4.3238064
1120,50.8934271,4.38225
1130,50.895148,4.418088
1140,50.8659174,4.409794
1150,50.834608,4.43569
1160,50.8179629,4.42671641
1170,50.800919,4.414715
1180,50.8,4.3340608
1190,50.8135081,4.3204305
1200,50.845658900000004,4.434419800000001
1210,50.8526,4.370616
1300,50.7158951,4.6128257
1301,50.7113795,4.5871684
1310,50.7309955,4.4856707
1315,50.69188,4.7966
1320,50.772515,4.767726
1325,50.67687,4.71943
1330,50.7109736,4.5306325
1331,50.73015,4.54441
1332,50.7211,4.49388
1340,50.665465,4.5669046
1341,50.660369,4.5204882
1342,50.683433300000004,4.571335
1348,50.668081,4.6118324
1350,50.70141,4.98877555
1357,50.7556459,4.986432
1360,50.6401663,4.77603
1367,50.65,4.8833333
1370,50.7236978,4.864936
1380,50.68736,4.48135
1390,50.7385816,4.6972809
1400,50.5886574,4.3308649
1401,50.61341,4.35387
1410,50.71469,4.3991
1420,50.6969022,4.3538379
1421,50.665001,4.3491437
1428,50.6430871,4.3653635
1430,50.665625,4.132162
1435,50.63652,4.6154602
1440,50.6802986,4.2689347
1450,50.6,4.6333333
1457,50.632777,4.7001909
1460,50.6326887,4.2632352
1470,50.6108278,4.4503759
1472,50.6082918,4.4405969
1474,50.6174905,4.452274
1476,50.5829629,4.4113773
1480,50.6868,4.207180135
1490,50.6422504,4.5680813
1495,50.5483384,4.5351225
1500,50.73419,4.23711
1501,50.7427062,4.2619999
1502,50.7151424,4.2200436
1540,50.7233164,4.0536565
1541,50.7070524,3.9899741
1547,50.7168215,3.9407323
1560,50.7674863,4.4740458
1570,50.7529396,3.9709758
1600,50.78714,4.2693350500000005
1601,50.787291350000004,4.29377675
1602,50.8053622,4.23072905
1620,50.7833333,4.3166667
1630,50.7666667,4.3333333
1640,50.74594,4.35753
1650,50.7647275,4.3120069
1651,50.7646492,4.27714235
1652,50.74419805,4.3299767
1653,50.7273248,4.3016209
1654,50.7428061,4.2727786
1670,50.7376866,4.13620105
1700,50.8464512,4.2620632
1701,50.834084399999995,4.22959
1702,50.8726681,4.2650313
1703,50.83694525,4.1949591999999996
1730,50.91069485,4.19856085
1731,50.88498535,4.27376125
1740,50.8698353,4.1808317
1742,50.873629449999996,4.134270900000001
1745,50.9691126,4.1833333
1750,50.8108689,4.168554
1755,50.7753096,4.0685655
1760,50.8412868,4.0879776
1761,50.8532264,4.0711687
1770,50.8688413,4.08729
1780,50.9059555,4.31117235
1785,50.95739,4.231724
1790,50.90400191,4.11281
1800,50.927262,4.424078
1820,50.918125,4.50996895
1830,50.9122096,4.4327968
1831,50.897621,4.4346964
1840,51.0123807,4.2936279
1850,50.9356235,4.3785596
1851,50.9800994,4.3795118
1853,50.9103669,4.35438705
1860,50.94452757,4.3252902
1861,50.971665,4.313636
1880,51.00163,4.354109
1910,50.935783799999996,4.5591656
1930,50.88458155,4.4731115
1932,50.8596662,4.4505529
1933,50.84492,4.5166
1950,50.84075545,4.46813505
1970,50.84384,4.486123
1980,50.976713849999996,4.45539965
1981,50.9919877,4.499445
1982,50.973642749999996,4.49726205
2000,51.2207503,4.4084293
2018,51.2034378,4.42385
2020,51.18501465,4.3871003
2030,51.25637147,4.42214161
2040,51.34628,4.3109461
2050,51.22263,4.373355
2060,51.22376055,4.425046999999999
2070,51.2083652,4.3345845
2100,51.2244146,4.46798875
2110,51.22776,4.52385
2140,51.2122283,4.440726
2150,51.1976834,4.479376
2160,51.19652,4.519094
2170,51.24872499999999,4.43983525
2180,51.28247,4.4187131
2200,51.17516,4.835991
2220,51.075046549999996,4.7209688199999995
2221,51.05151,4.775241449999999
2222,51.10321,4.72927
2223,51.02745,4.69272
2230,51.0288416,4.855183500000001
2235,51.06166,4.80916
2240,51.2133,4.656548
2242,51.21775,4.703263
2250,51.17094128,4.9011193
2260,51.09119493,4.865269
2270,51.13986,4.759036500000001
2275,51.24648465,4.825249
2280,51.176975,4.7431011
2288,51.1678753,4.74264845
2290,51.2076583,4.760538
2300,51.32327,4.950855
2310,51.3370456,4.76806355
2320,51.4006717,4.758554
2321,51.44798,4.738651
2322,51.41634235,4.75619185
2323,51.3996892,4.7949931
2328,51.47191,4.799424999999999
2330,51.36223,4.8634
2340,51.314935000000006,4.8408795
2350,51.31131,4.876492
2360,51.31913,4.979461000000001
2370,51.32114,5.089265
2380,51.397,4.99773885
2381,51.408266499999996,4.9973604
2382,51.4523194,5.070582399999999
2387,51.44545,4.922318
2390,51.302045,4.736116
2400,51.21873,5.082584
2430,51.0842629,5.0303597
2431,51.067834,4.9847479
2440,51.16024,4.988571
2450,51.1227,5.049928
2460,51.228645,4.9070149999999995
2470,51.267710365,5.086768265
2480,51.2403178,5.1161792
2490,51.17245,5.171381
2491,51.13744,5.159593
2500,51.13092,4.5752578
2520,51.18155985,4.5985501
2530,51.16444545,4.506591520000001
2531,51.17694395,4.5254998
2540,51.15105615,4.4661095500000005
2547,51.12426442,4.49251
2550,51.12767,4.447738
2560,51.159440000000004,4.6607199
2570,51.09455,4.49998
2580,51.05786,4.6360281
2590,51.11613,4.658483
2600,51.194185000000004,4.438586
2610,51.1756588,4.391529
2620,51.14045,4.3406043
2627,51.12536967,4.34020002
2630,51.134194750000006,4.3815082
2640,51.16694,4.46047
2650,51.16632,4.4408719
2660,51.1755993,4.360142
2800,51.03174,4.4824116
2801,51.0551071,4.4199803
2811,51.0160276,4.4379926
2812,51.03645,4.472265
2820,51.0201317,4.5819274
2830,51.059801,4.360088
2840,51.0876027,4.403498
2845,51.1081767,4.3319164
2850,51.0916155,4.368699
2860,51.0559265,4.515997
2861,51.05939,4.5754857
2870,51.07841,4.324826
2880,51.09804765,4.23949135
2890,51.05596,4.205235
2900,51.2578165,4.49966625
2910,51.4648802,4.461677075000001
2920,51.38741,4.473827
2930,51.296189999999996,4.4961345
2940,51.3355885,4.3673341
2950,51.34865,4.399585
2960,51.32225335,4.59224625
2970,51.2407352,4.5834231
2980,51.268131350000004,4.6827272
2990,51.3897291,4.59115
3000,50.88030645,4.7014459
3001,50.86775168,4.6971332
3010,50.8896717,4.75177925
3012,50.91741945,4.71042055
3018,50.925839999999994,4.6951215
3020,50.91101,4.6692071
3040,50.804694025,4.623583849999999
3050,50.82869,4.7236137
3053,50.8338736,4.7236137
3060,50.8504804,4.6360984
3061,50.8458281,4.5815327
3070,50.88495,4.53058
3071,50.9008171,4.551327
3078,50.87185665,4.535217100000001
3080,50.82595,4.5184769
3090,50.77381,4.52828405
3110,50.9522331,4.7208681
3111,50.94760445,4.7507749
3118,50.973358250000004,4.7042372
3120,50.99384285,4.7051464
3128,50.99641055,4.74546455
3130,51.0201,4.786383
3140,51.0036629,4.6446958
3150,50.9749473,4.6341685
3190,50.97827,4.57949
3191,50.9862063,4.5216551
3200,50.981739000000005,4.8331574
3201,51.008325,4.8804625
3202,50.9748595,4.8897186
3210,50.8803783,4.82530405
3212,50.8806495,4.79214
3220,50.9245297,4.8171177
3270,50.9785,4.9785767
3271,51.037353350000004,4.971248
3272,51.00058,4.936862
3290,50.99284,5.049117
3294,51.00378,5.0322917
3300,50.805589999999995,4.9392247000000005
3320,50.7737255,4.8962341
3350,50.8284848,5.06186
3360,50.8340955,4.7634816
3370,50.843516199999996,4.8442739
3390,50.93181,4.905673
3391,50.90280945,4.9200456
3400,50.7515227,5.0768048
3401,50.72676745,5.08549655
3404,50.77009,5.089726
3440,50.8404304,5.099409
3450,50.896125,5.10887245
3454,50.88896845,5.1625621
3460,50.93763,4.954723
3470,50.9055681,5.0452142
3500,50.933415,5.3361143
3510,50.9462,5.2317949
3511,50.95338,5.328397
3520,50.98898,5.3683087
3530,51.03512,5.38331035
3540,50.9422649,5.182398
3545,50.9628515,5.108007725
3550,51.0285412,5.28902
3560,51.006910399999995,5.1997988
3570,50.8725036,5.2729369
3580,51.052196,5.2259399
3581,51.0890537,5.226411
3582,51.05924,5.270834
3583,51.0394044,5.1722088
3590,50.9225609,5.4261677
3600,50.968761,5.4979835
3620,50.88378,5.62551244
3621,50.9238013,5.6899783
3630,50.969278,5.6788175
3640,51.1452624,5.7422849
3650,51.0197869,5.73478295
3660,51.0359436,5.5866785
3665,51.0077188,5.58953
3668,51.01967895,5.61395995
3670,51.09867,5.5243649
3680,51.0945879,5.7834724
3690,50.9264,5.584892
3700,50.7819556,5.4692134
3717,50.7258847,5.4276277
3720,50.8563674,5.3876457
3721,50.8664718,5.4285544
3724,50.8360685,5.426137
3730,50.8510257,5.4911897
3740,50.87486,5.513334
3770,50.8089945,5.6093091
3790,50.7564473,5.7130563
3793,50.7491712,5.8692084
3800,50.81791665,5.18666
3803,50.81744955,5.143356949999999
3806,50.780713815,5.132098035
3830,50.844494,5.3393511
3832,50.8391217,5.2887584
3840,50.804474,5.3094423
3850,50.8788734,5.2054144
3870,50.74933,5.300409
3890,50.72166355,5.1349741
3891,50.7438,5.18529
3900,51.1913215,5.3966251
3910,51.22834,5.439471
3920,51.23092116,5.3103604
3930,51.249840000000006,5.5314630000000005
3940,51.1250996,5.366822
3941,51.154841475,5.3923092
3945,51.1035491,5.173664
3950,51.1747723,5.5750394
3960,51.139510200000004,5.60559605
3970,51.11689,5.264095
3971,51.1103754,5.2286475
3980,51.067361,5.0892695
3990,51.128523900000005,5.41226771
4000,50.63973505,5.56724117
4020,50.6421341,5.59528041
4030,50.626880549999996,5.6074492
4031,50.5956301,5.570024
4032,50.606888,5.6137
4040,50.66591,5.62306
4041,50.67308815,5.58821395
4042,50.69230795,5.5647386
4050,50.5880839,5.6546815
4051,50.60121085,5.632997635000001
4052,50.5586829,5.6383875
4053,50.5924052,5.6056398
4100,50.5990833,5.5117383
4101,50.6161775,5.5033014
4102,50.599131,5.5388358
4120,50.5365653,5.4842146
4121,50.5481135,5.4569832
4122,50.5447244,5.52578805
4130,50.53635075,5.57870334
4140,50.5055032,5.6604173
4141,50.5290986,5.7250875
4160,50.487033600000004,5.5197904
4161,50.499206599999994,5.5155659
4162,50.4906533,5.5022096
4163,50.5134022,5.4921262
4170,50.4740721,5.581029
4171,50.506607,5.5705123
4180,50.4336109,5.53951688
4181,50.42501757,5.56622711
4190,50.40466255,5.610581
4210,50.583992,5.08298205
4217,50.556186350000004,5.068641899999999
4218,50.5314526,5.1210641
4219,50.6218794,5.004809325
4250,50.6688563,5.1687211
4252,50.66084635,5.20428205
4253,50.6643675,5.1872565
4254,50.6606161,5.1803106
4257,50.69875,5.210296
4260,50.6230915,5.1333333
4280,50.66673705,5.07536715
4287,50.7114606,5.0278227
4300,50.69775,5.25563575
4317,50.6396632,5.24411555
4340,50.688196,5.45117345
4342,50.6850522,5.4577303
4347,50.665333,5.4004963
4350,50.691088300000004,5.33531621
4351,50.6967536,5.33965276
4357,50.65232521,5.3220331
4360,50.72755255,5.35
4367,50.7099216,5.3967919
4400,50.60187,5.45391418
4420,50.6330051,5.5303671
4430,50.6575473,5.5346267
4431,50.6644359,5.5041764
4432,50.674669050000006,5.5142235500000005
4450,50.7181629,5.5679837
4451,50.6889494,5.5503362
4452,50.7216581,5.5241206
4458,50.7183977,5.578217499999999
4460,50.633706000000004,5.48546865
4470,50.5862697,5.3603101
4480,50.5809932,5.39976057
4500,50.520855600000004,5.2396514
4520,50.5432455,5.2149085
4530,50.5700964,5.2690862
4537,50.6090241,5.3172296
4540,50.5467055,5.313121
4550,50.507161,5.4166769
4557,50.47466,5.37723
4560,50.40448655,5.3412639
4570,50.4770198,5.2385556
4577,50.4906126,5.3122076499999995
4590,50.4381,5.4674537
4600,50.7362412,5.69562685
4602,50.6842938,5.6727322
4606,50.7028121,5.7516436
4607,50.7130398,5.7234268
4608,50.7330485,5.7619708
4610,50.624059450000004,5.66227135
4620,50.6153762,5.6813729
4621,50.6314738,5.6921515
4623,50.6030912,5.6827751
4624,50.610608,5.664504
4630,50.62628,5.72904005
4632,50.6481919,5.7311606
4633,50.635978425000005,5.7354293
4650,50.6382689,5.7861455
4651,50.6376138,5.779297
4652,50.6059793,5.7657199
4654,50.684129150000004,5.80535555
4670,50.6918779,5.7262707
4671,50.6694891,5.689444
4672,50.6925514,5.706587
4680,50.710383199999995,5.6364155
4681,50.7145352,5.6798093
4682,50.7364686,5.6214907
4683,50.697684,5.6497881
4684,50.7364668,5.6666672
4690,50.7590187,5.6075724
4700,50.62929,6.03523
4701,50.652496049999996,6.05233535
4710,50.6670018,6.0006697
4711,50.68738342,6.034682005
4720,50.716820350000006,6.0122173
4721,50.722645,6.0210386
4728,50.7148731,6.0339655
4730,50.679254,6.11283
4731,50.691859199999996,6.0846312
4750,50.42605685,6.20114
4760,50.39570655,6.28936245
4770,50.3542991,6.171251
4780,50.2797224,6.130456
4782,50.2923427,6.2749495
4784,50.2889726,6.0682322
4790,50.196095,6.13523855
4791,50.21821,6.07391
4800,50.5910337,5.8607928
4801,50.5906641,5.890965
4802,50.57908,5.8662821
4820,50.6100695,5.8554931
4821,50.60366515,5.867918599999999
4830,50.6198023,5.9438361
4831,50.6137484,5.9375153
4834,50.60160761,5.97227425
4837,50.62247665,5.9823703
4840,50.6608926,5.9708615
4841,50.6760166,5.9254994
4845,50.536934450000004,5.9337420000000005
4850,50.7199472,5.9661223
4851,50.74430575,5.98420755
4852,50.72804893,5.940040145
4860,50.5714706,5.8068552
4861,50.5860238,5.7813129
4870,50.5745625,5.6827349
4877,50.5904409,5.7470794
4880,50.7022941,5.8567429
4890,50.6657656,5.86087
4900,50.4896053,5.8666667
4910,50.5357387,5.8116672
4920,50.47318,5.675677
4950,50.4229202,6.1173269
4960,50.423817,6.0400343
4970,50.401427055,5.9456349
4980,50.3658699,5.8711102
4983,50.36047295,5.8318598999999995
4987,50.40790345,5.786103
4990,50.30608,5.7967525
5000,50.4674593,4.8718068
5001,50.4707019,4.8310868
5002,50.47389555,4.8566188
5003,50.49511,4.85762
5004,50.4769732,4.8835145
5020,50.4775566,4.81096
5021,50.4953566,4.9324641
5024,50.48979776,4.9688124
5030,50.5544842,4.7024756
5031,50.58374,4.77469
5032,50.5195364,4.67263
5060,50.446734,4.630735
5070,50.39859,4.65956
5080,50.50626,4.80568
5081,50.541308195,4.78804261
5100,50.4449137,4.8735318
5101,50.453193049999996,4.9095052500000005
5140,50.52507,4.603259
5150,50.4343733,4.75922
5170,50.3756621,4.8674002
5190,50.466047,4.6786862
5300,50.491642825,5.09483316
5310,50.5833333,4.905303099999999
5330,50.3777222,4.9421604
5332,50.35009,4.96124
5334,50.3742,5.06885
5336,50.3783587,4.9831151
5340,50.4272095,5.03279
5350,50.4334723,5.12464053
5351,50.44215,5.1508202
5352,50.46563615,5.17463415
5353,50.44001,5.22094
5354,50.4440303,5.1858793
5360,50.3453749,5.0922322
5363,50.327387425,5.117850825
5364,50.35857,5.11494
5370,50.3647074,5.2395547
5372,50.36323,5.33634
5374,50.3552115,5.3143175
5377,50.29805089,5.338665
5380,50.5738402,4.9791517
5500,50.24203755,4.9169434
5501,50.2808581,4.9710519
5502,50.2808961,4.9926864
5503,50.2675807,5.0192792
5520,50.23976735,4.8332457
5522,50.284117249999994,4.7961842
5523,50.2539065,4.8329279
5524,50.2460666,4.8161879
5530,50.32579759,4.89990255
5537,50.3,4.8666667
5540,50.2143831,4.82055
5541,50.21286,4.83254
5542,50.18898673,4.8326378
5543,50.16347,4.8313095
5544,50.16573,4.79594
5550,49.8620429,4.9157641
5555,49.927127999999996,5.0251921
5560,50.17091,4.9798922
5561,50.21651,4.985589
5562,50.212091855,5.0389526700000005
5564,50.15751575,5.0640122000000005
5570,50.1003926,4.9059609
5574,50.0988595,5.010168
5575,49.98689,4.9357463
5580,50.1596036,5.2221665
5590,50.2956773,5.1008307
5600,50.17152,4.5430358
5620,50.24655455,4.6468567
5621,50.27498,4.56593
5630,50.17399355,4.414294
5640,50.32621735,4.6464726
5641,50.3055252,4.7021799
5644,50.29689,4.71906
5646,50.28002,4.65924
5650,50.254833500000004,4.469725705
5651,50.289785,4.4804728
5660,50.05,4.4920881
5670,50.07578015,4.640443855
5680,50.1362261,4.739761045
6000,50.4157265,4.449213
6001,50.3922481,4.4436699
6010,50.3893421,4.46587857
6020,50.4182412,4.4308155
6030,50.4055222,4.3957235
6031,50.4166487,4.376359
6032,50.3886584,4.40558493
6040,50.4427249,4.4370311
6041,50.4688896,4.4322027
6042,50.4315093,4.44718
6043,50.455339800000004,4.4760083
6044,50.4411759,4.3859913
6060,50.4240349,4.4807406
6061,50.4019348,4.4777803
6110,50.3744413,4.3756512
6111,50.3774692,4.3504149
6120,50.3265128,4.4172417500000005
6140,50.4110312,4.3271726
6141,50.43664,4.32036
6142,50.39821,4.33217
6150,50.4,4.2666667
6180,50.4577042,4.37580375
6181,50.4908073,4.3321783499999995
6182,50.4445692,4.3497084
6183,50.4631977,4.3288568
6200,50.4,4.5166667
6210,50.5427462,4.4476802
6211,50.5052379,4.4733732
6220,50.4771076,4.5363885
6221,50.50637,4.54986
6223,50.5231456,4.5341105
6224,50.4711955,4.58783
6230,50.50613025,4.3751548
6238,50.5095333,4.3960779
6240,50.42994,4.5364464
6250,50.41114,4.5716149999999995
6280,50.3535249,4.526316850000001
6440,50.1710101,4.326676
6441,50.1935091,4.3535466
6460,50.0844529,4.2660214
6461,50.05219565,4.33254167
6462,50.0633645,4.3640727
6464,50.02576,4.32792
6470,50.16597,4.182086
6500,50.2301798,4.246603815
6511,50.2750402,4.2752095
6530,50.3414098,4.2928918
6531,50.3199001,4.30915164
6534,50.3334575,4.351614
6536,50.289969600000006,4.320355695
6540,50.3682434,4.2662585
6542,50.3397381,4.2098006
6560,50.3087975,4.12167897
6567,50.323534775,4.17579658
6590,50.031015,4.1789941
6591,50.05062,4.20912
6592,50.0379115,4.22144774
6593,49.97559,4.17862
6594,50.013495,4.157086
6596,50.005594125,4.25431571
6600,50.0005973,5.7152666
6630,49.83066,5.7323366
6637,49.8859073,5.6868508
6640,49.918864125,5.5742324
6660,50.14215685,5.72451388
6661,50.166692,5.7666426
6663,50.1202551,5.7213995
6666,50.1469192,5.7195025
6670,50.1884504,5.93120343
6672,50.2237639,6.0056468
6680,50.0250471,5.5480905
6681,50.05409,5.52323872
6687,50.0801969,5.67035
6688,50.0438004,5.6654242
6690,50.2827157,5.9074452
6698,50.325284295,5.907606585
6700,49.6844001,5.8166667
6706,49.6469802,5.865181
6717,49.7506158,5.7863474
6720,49.7282865,5.646849
6724,49.72958,5.648635
6730,49.6831599,5.5131279
6740,49.672946,5.60422839
6741,49.67051845,5.6650829
6747,49.622303450000004,5.6946213
6750,49.5581782,5.7056943
6760,49.5668832,5.545375
6761,49.5682977,5.55041034
6762,49.5528103,5.5245417
6767,49.528624,5.4770883
6769,49.5994399,5.4818248
6780,49.6216258,5.820603950000001
6790,49.5662506,5.8019936
6791,49.5792831,5.8497214
6792,49.5758857,5.7324213
6800,49.9184911,5.3789188
6810,49.6957099,5.4103246
6812,49.7624156,5.4003607
6820,49.70389905,5.2916556
6823,49.6337301,5.34369145
6830,49.8102542,5.06663185
6833,49.866876,5.0384163
6838,49.797816350000005,5.00825825
6840,49.8414036,5.4385645
6850,49.9030547,5.1208909
6852,49.96480595,5.17747265
6853,49.9189968,5.16239493
6860,49.7864495,5.5225441
6870,50.02587444,5.3703027
6880,49.854915,5.2567163
6887,49.7809958,5.2392465
6890,49.9815451,5.2572
6900,50.2227146,5.345114
6920,50.08126135,5.112611
6927,50.0891891,5.2161471
6929,49.99680502,5.0642789
6940,50.34821,5.478466
6941,50.3780315,5.5393552
6950,50.12951959,5.3441947
6951,50.1670102,5.41552
6953,50.137573950000004,5.296640549999999
6960,50.28206912,5.648214295
6970,50.0936584,5.5161673
6971,50.10709411,5.47871409
6972,50.1030915,5.5718732
6980,50.178435199999996,5.5774016500000005
6983,50.1189932,5.6401353
6987,50.2012001,5.5357224
6990,50.28593898,5.4491610999999995
6997,50.292489599999996,5.55095335
7000,50.4550095,3.9545592
7011,50.4742291,3.9020509
7012,50.44707285,3.8988946
7020,50.4767604,3.9552523
7021,50.4672189,4.0541291
7022,50.4340536,3.9592134
7030,50.4378687,4.0116548000000005
7032,50.4251859,3.989321
7033,50.4389196,3.9124817
7034,50.4790766,4.0090117
7040,50.3543123,3.9090927
7041,50.3711542,4.00220135
7050,50.5275199,3.935861
7060,50.569689,4.061821
7061,50.5159354,3.9933933
7062,50.55403715,4.100183149999999
7063,50.5685485,4.0026575
7070,50.50293,4.10873
7080,50.4043856,3.8833333
7090,50.608334,4.138001
7100,50.469385,4.1892216
7110,50.4793188,4.14442285
7120,50.392255000000006,4.09737
7130,50.42838595,4.10559307
7131,50.41332,4.14948
7133,50.38873,4.20524
7134,50.41653,4.19657445
7140,50.45383,4.2414178
7141,50.44617985,4.256433100000001
7160,50.4666667,4.2833333
7170,50.48706,4.237712
7180,50.5285674,4.2721491
7181,50.56504,4.2572252
7190,50.5608812,4.1724
7300,50.425877,3.7969506
7301,50.43634,3.82627
7320,50.4824696,3.6459245
7321,50.4992803,3.6598433
7322,50.4623107,3.7129612
7330,50.4490864,3.8183635
7331,50.48308565,3.8377399
7332,50.5291271,3.7936731
7333,50.4660131,3.8096722
7334,50.4792056,3.7659709
7340,50.4050091,3.8400266
7350,50.4294458,3.7392394
7370,50.4000125,3.7827922
7380,50.405862725,3.6862501
7382,50.3830616,3.7175716
7387,50.3638803,3.6983112499999997
7390,50.4443909,3.8645777
7500,50.6056059,3.3880367
7502,50.5736959,3.3039872
7503,50.6229047,3.3471214
7504,50.5784046,3.3280009
7506,50.5747606,3.3393298
7520,50.6448071,3.283159
7521,50.5907918,3.418551755
7522,50.6250532,3.3037827
7530,50.5938686,3.4892888
7531,50.6157317,3.463517
7532,50.6211867,3.5041225999999996
7533,50.63347025,3.51139458
7534,50.5867433,3.5435017
7536,50.5903852,3.4334752
7538,50.56909645,3.5008027
7540,50.6379973,3.3788194
7542,50.6548281,3.4040353
7543,50.6531232,3.44388595
7548,50.6103448,3.4233289
7600,50.5122991,3.5906644
7601,50.5275987,3.592134535
7602,50.541312129999994,3.5918093
7603,50.49781555,3.6071188
7604,50.541468,3.5468718
7608,50.5139299,3.52714288
7610,50.554887,3.3022239
7611,50.532325,3.305943
7618,50.5467427,3.3403627
7620,50.541775,3.400036
7621,50.5187319,3.38148057
7622,50.52392605,3.4470456499999997
7623,50.505991,3.3863852
7640,50.5503239,3.4596501
7641,50.55401045,3.42809565
7642,50.5764391,3.4327936
7643,50.56787115,3.4745698000000003
7700,50.7459126,3.219272
7711,50.7281602,3.3048918
7712,50.722568,3.2326156
7730,50.6803312,3.3098471
7740,50.699374,3.3314663
7742,50.701341,3.3633472
7743,50.6619166,3.3640454
7750,50.7502762,3.482538
7760,50.7121072,3.4573555000000002
7780,50.7687459,2.9997573
7781,50.7867816,2.9641654
7782,50.7323288,2.8733669
7783,50.703152,2.8975904
7784,50.7593945,2.9604404
7800,50.62867,3.7847204
7801,50.6208996,3.7595264
7802,50.605576,3.7454031
7803,50.6467287,3.7664662
7804,50.6785937,3.7601632
7810,50.78184345,4.27443828
7812,50.6233596,3.7189713
7822,50.6619335,3.8205563
7830,50.6623579,3.924992
7850,50.6947227,4.0418874
7860,50.709593850000005,3.8330111000000002
7861,50.6944009,3.7997435
7862,50.7207024,3.7806795
7863,50.72891205,3.8056063
7864,50.72857415,3.8545227
7866,50.6968993,3.8881698
7870,50.553562,3.9057417
7880,50.745367849999994,3.7345169499999997
7890,50.7340811,3.6812862
7900,50.5971918,3.6241123
7901,50.6290219,3.6077794
7903,50.5871392,3.68554385
7904,50.5832,3.57899
7910,50.68400735,3.54306695
7911,50.6513567,3.6480095
7912,50.7102773,3.597648
7940,50.5884179,3.8544978
7941,50.6101127,3.833249
7950,50.5833333,3.8
7951,50.5814329,3.7755504
7970,50.53414855,3.7256357
7971,50.5259119,3.6488934
7972,50.53086995,3.6814062
7973,50.505325,3.6963019
8000,51.21332665,3.2246451
8020,51.1108897,3.232479
8200,51.1983386,3.2000152
8210,51.1264866,3.155062
8211,51.11805295,3.09982595
8300,51.34635,3.2891112
8301,51.340091900000004,3.2399911
8310,51.2019258,3.2418994999999997
8340,51.2042803,3.32316
8370,51.3142422,3.1322587
8377,51.25406995,3.1670545
8380,51.3314541,3.20396
8400,51.2262601,2.914051
8420,51.2701179,3.03531
8430,51.1830232,2.81122725
8432,51.16677445,2.86908685
8434,51.1612072,2.7733134
8450,51.2447455,2.9686854
8460,51.1799743,3.0132959
8470,51.1543906,2.9685823
8480,51.1243011,3.0247358
8490,51.18908,3.14221
8500,50.8266256,3.26503
8501,50.83401445,3.23129345
8510,50.8055015,3.2366846
8511,50.77717645,3.2252305000000003
8520,50.8539621,3.2778993
8530,50.8567675,3.3162442
8531,50.8827468,3.2916508
8540,50.85098,3.3543497
8550,50.81310955,3.33295895
8551,50.7828503,3.4103207
8552,50.769112199999995,3.3969466
8553,50.8070204,3.4187406
8554,50.7534111,3.3657872
8560,50.8153535,3.176502845
8570,50.8335097,3.4356998
8580,50.7772737,3.4425477
8581,50.7983592,3.5006455
8582,50.75901,3.417032
8587,50.7283802,3.35537
8600,51.0343271,2.8664242
8610,51.0260879,3.038081
8620,51.1391805,2.7377852
8630,51.0550052,2.6666946
8640,50.92629,2.71795
8647,50.9813289,2.7461494
8650,50.9773885,2.9457764
8660,51.0992201,2.5924194
8670,51.11472625,2.6356743500000004
8680,51.0898722,2.97391045
8690,50.9929825,2.6555096
8691,50.98574695,2.62328205
8700,50.999804095,3.33040585
8710,50.9095,3.36702355
8720,50.9567924,3.4179328
8730,51.14276,3.34074
8740,50.99497,3.26764
8750,51.05730235,3.276665
8755,51.04481255,3.3998016
8760,50.94992,3.28845
8770,50.9228959,3.254617
8780,50.921924,3.3346163
8790,50.8870034,3.4272877
8791,50.8734733,3.331561
8792,50.8868997,3.3618075
8793,50.8977863,3.3970486
8800,50.9387847,3.1392468
8810,51.0257555,3.1450366
8820,51.0652842,3.1011951
8830,50.9787829,3.0825214
8840,50.9417598,3.0150969
8850,50.979701750000004,3.197854
8851,51.00213525,3.19908715
8860,50.8847618,3.2427103
8870,50.9180902,3.2138295
8880,50.86770555,3.1765862499999997
8890,50.89079405,3.0647014500000003
8900,50.85431535,2.88578475
8902,50.83318735,2.9240506
8904,50.8971265,2.8627496
8908,50.8554025,2.8213865
8920,50.927394449999994,2.9371071000000004
8930,50.792016149999995,3.13104665
8940,50.7833026,3.0449991
8950,50.7446053,2.8249908
8953,50.787402,2.925906
8954,50.7886308,2.8873843
8956,50.7850938,2.8416103
8957,50.763667299999994,2.89778615
8970,50.85558,2.72704
8972,50.918879,2.6247955
8978,50.8537219,2.6203687
8980,50.84788,3.0243173
9000,51.0539045,3.7206789000000002
9030,51.07991425,3.67652245
9031,51.0575994,3.65965415
9032,51.0887329,3.7133693
9040,51.057967000000005,3.7520186000000004
9041,51.079384950000005,3.7579091
9042,51.15658445,3.8263878499999997
9050,51.0315098,3.7674868
9051,51.021712699999995,3.6756771
9052,51.0088559,3.7022004
9060,51.1987114,3.8119772
9070,51.0327472,3.8021792000000003
9080,51.0955815,3.8418595
9090,51.0012374,3.8051711
9100,51.170429999999996,4.1469148449999995
9111,51.14635,4.08824
9112,51.1536466,4.0434534
9120,51.2141271,4.252182
9130,51.2890254,4.178865849999999
9140,51.12921,4.211599
9150,51.171124,4.3084865
9160,51.10404,3.9883703
9170,51.2266954,4.101884
9180,51.17601,3.940305
9185,51.170944950000006,3.8655243
9190,51.21041,4.03826
9200,51.03067145,4.1068442
9220,51.0924742,4.141174
9230,51.0020505,3.881396
9240,51.06819835,4.03703785
9250,51.136092649999995,4.0705835
9255,51.0124538,4.1964034
9260,51.0030247,3.9463037
9270,51.0304277,3.8535642
9280,50.999866749999995,4.13259045
9290,51.0227152,4.0040577
9300,50.9399003,4.04123
9308,50.9705695,4.037915
9310,50.9404899,4.13595735
9320,50.91832195,4.060892
9340,50.9658713,3.9773269
9400,50.8336435,4.018803
9401,50.8172312,4.0068855
9402,50.82946,4.049256
9403,50.8033904,4.0618153
9406,50.847944,3.98545095
9420,50.93387425,3.9597695
9450,50.90244,4.00009
9451,50.8902903,3.9920928
9470,50.88428905,4.0707683
9472,50.8733,4.0496945
9473,50.903157,4.0504766
9500,50.7716446,3.88254
9506,50.7998324,3.9254148
9520,50.9230011,3.8631232
9550,50.89178,3.8845
9552,50.9035043,3.8866318
9570,50.8137555,3.8381658
9572,50.8046682,3.8227044
9600,50.7455638,3.5985784
9620,50.8695474,3.8107094
9630,50.8777286,3.7332358
9660,50.80276,3.76382
9661,50.783078849999995,3.8004235499999997
9667,50.8372,3.68703
9680,50.7992486,3.6428124
9681,50.7843512,3.5894925
9688,50.7928312,3.6751829
9690,50.7750899,3.502333
9700,50.8454075,3.6062195
9750,50.90620745,3.62868615
9770,50.925478,3.5373587
9771,50.88723985,3.49361555
9772,50.9296451,3.5792393
9790,50.83427505,3.55662565
9800,50.985193710000004,3.5399889
9810,50.9597659,3.5981980499999997
9820,50.989959999999996,3.743923
9830,51.0103403,3.6374217
9831,51.0144842,3.6036427
9840,50.9864367,3.6607803
9850,51.0441613,3.5518758999999998
9860,50.94616,3.80117
9870,50.958822,3.4880452
9880,51.0833448,3.4490670999999997
9881,51.0962749,3.4982075
9890,50.92634,3.663113
9900,51.1849524,3.5660006
9910,51.13793,3.4176554
9920,51.1075935,3.6227755999999998
9921,51.0871862,3.6425267
9930,51.1146898,3.5637282
9940,51.1225037,3.72032128
9950,51.148240650000005,3.6177921
9960,51.23562,3.7591625
9968,51.2300624,3.6777432
9970,51.2180332,3.6125304
9971,51.1827743,3.6387924
9980,51.2521223,3.6127918
9988,51.2793416,3.625072
9990,51.209082,3.4465877
9991,51.1989828,3.4896226
